,headline,url
0,Casado habla de “pucherazo” en la votación y Lastra acusa al PP de comprar a los diputados de UPN,/espana/2022-02-04/casado-cuestiona-la-legitimidad-de-la-votacion-del-congreso-sobre-la-reforma-laboral.html
1,La votación telemática requiere una doble confirmación,/espana/2022-02-04/la-votacion-telematica-requiere-una-doble-confirmacion.html
2,Las tres propuestas que ERC rechazó para modificar la reforma,/espana/catalunya/2022-02-04/las-tres-propuestas-que-erc-rechazo-para-modificar-la-reforma-laboral.html
3,Cronología del voto del diputado del PP Alberto Casero: un error contado paso a paso,/espana/2022-02-04/cronologia-del-voto-pifiado-del-diputado-del-pp-alberto-casero-un-error-contado-paso-a-paso.html?autoplay=1
4,Casero denuncia la “vulneración” de su derecho al voto en una carta a Batet,/espana/2022-02-04/el-diputado-del-pp-que-salvo-la-reforma-laboral-el-voto-recogido-por-el-sistema-no-expresaba-mi-voluntad.html
5,Bolaños reprocha al PP usar “todo tipo de artes” para tumbar la nueva norma,/espana/2022-02-04/la-votacion-de-la-reforma-laboral.html
6,Reforma de infarto,https://elpais.com/opinion/editoriales/
7,"Esperpento valleinclanesco, versión Congreso de los Diputados",/espana/2022-02-03/esperpento-valleinclanesco-version-congreso-de-los-diputados.html
8,Cuatro días de enero (lo malo de acostumbrarse a la muerte),/opinion/2022-02-04/cuatro-dias-de-enero-lo-malo-de-acostumbrarse-a-la-muerte.html
9,Sin libertad de expresión no hay libertad de elección,/opinion/2022-02-04/sin-libertad-de-expresion-no-hay-libertad-de-eleccion.html
10,Tuitea en cristiano,/opinion/2022-02-04/tuitea-en-cristiano.html
11,La Constitución no es el Código de Hammurabi,/opinion/2022-02-04/la-constitucion-no-es-el-codigo-de-hammurabi.html
12,La mascarilla en exteriores dejará de ser obligatoria desde el próximo jueves,/sociedad/2022-02-04/la-mascarilla-en-exteriores-dejara-de-ser-obligatoria-desde-el-proximo-jueves.html
13,"Si me he contagiado ya de la ómicron, ¿puedo reinfectarme?",/ciencia/las-cientificas-responden/2022-02-04/si-me-he-contagiado-ya-de-omicron-puedo-reinfectarme.html
14,China y Rusia expresan su apoyo mutuo en política internacional y rechazan una ampliación de la OTAN,/internacional/2022-02-04/china-y-rusia-expresan-su-apoyo-mutuo-en-politica-internacional-y-rechazan-una-nueva-ampliacion-de-la-otan.html
15,"Puerta 8, la barriada de Buenos Aires donde la cocaína adulterada mató a 23 personas",/internacional/2022-02-04/puerta-8-la-barriada-de-buenos-aires-donde-la-cocaina-adulterada-mato-a-al-menos-23-personas.html
16,La materia Historia de España no mencionará en Cataluña la Constitución de 1978,/educacion/2022-02-04/historia-de-espana-ensenara-en-cataluna-el-actual-contexto-de-involucion-de-algunos-derechos-humanos.html
17,Todo se hizo mal en la residencia catalana de Tremp donde murieron 64 ancianos en un mes,/espana/catalunya/2022-02-04/todo-se-hizo-mal-en-la-residencia-de-tremp-donde-murieron-varios-ancianos-en-un-mes.html
18,Los equipos de rescate abren un túnel horizontal para acceder al niño atrapado en un pozo en Marruecos,/internacional/2022-02-04/los-socorristas-abren-un-tunel-horizontal-para-acceder-al-nino-atrapado-en-marruecos.html?autoplay=1
19,Amazon duplica sus beneficios trimestrales y bate récord de subida en Bolsa,/economia/2022-02-04/amazon-duplica-sus-beneficios-a-pesar-de-los-problemas-en-las-cadenas-de-suministro-y-la-falta-de-trabajadores.html
20,La policía asegura que el castillo de Mislata donde murieron dos niñas tenía cuerdas deterioradas,/espana/comunidad-valenciana/2022-02-04/la-policia-comunica-al-juzgado-que-el-castillo-hinchable-de-mislata-en-el-que-murieron-dos-ninas-tenia-cuerdas-deterioradas.html
21,Hallado culpable el alemán que mató a pedradas a su mujer y a uno de sus hijos en Tenerife,/sociedad/2022-02-04/hallado-culpable-de-doble-asesinato-el-aleman-que-mato-a-pedradas-a-su-mujer-y-a-uno-de-sus-hijos-en-una-cueva-en-tenerife.html
22,El Gobierno trabaja con las comunidades en un plan contra la explotación de menores tuteladas,/sociedad/2022-02-04/el-gobierno-trabaja-con-las-comunidades-en-un-plan-urgente-contra-la-explotacion-sexual-de-menores-tuteladas.html
23,Rayo - Betis y Athletic - Valencia en las semifinales de la Copa del Rey,/deportes/2022-02-04/rayo-vallecano-betis-y-athletic-valencia-semifinales-de-la-copa-del-rey.html
24,Rosalía lo rompe todo con ‘Saoko’  ,/cultura/2022-02-04/rosalia-lo-rompe-todo-con-saoko.html
25,Cate Blanchett recibirá el primer premio Goya internacional en la gala del 12 de febrero en Valencia,/cultura/2022-02-04/cate-blanchett-recibira-el-primer-premio-goya-internacional-en-la-gala-del-12-de-febrero-en-valencia.html
26,Inés Hernand: “Lo que ha pasado con el Benidorm Fest es una especie de histeria colectiva”,/television/2022-02-04/ines-hernand-lo-que-ha-pasado-con-el-benidormfest-es-una-especie-de-histeria-colectiva.html
27,‘Pam & Tommy’: historia del primer vídeo sexual viral,/television/2022-02-04/pam-tommy-historia-del-primer-video-sexual-viral.html?autoplay=1
28,"Fotogalería | Las pistas de aterrizaje más escenográficas del mundo
",https://elviajero.elpais.com/elviajero/2022/01/31/album/1643647739_761702.html
29,El código postal y el nivel de renta también pesan en la lucha contra el cáncer,/sociedad/2022-02-04/el-codigo-postal-y-el-nivel-de-renta-tambien-pesan-en-la-lucha-contra-el-cancer.html
30,Europa inicia el camino para combatir unida la enfermedad,/sociedad/2022-02-04/europa-inicia-el-camino-para-combatir-el-cancer-unida.html
31,Vídeo | María Blasco: “Una de cada tres personas vamos a desarrollar un cáncer”,/videos/2022-02-04/video-maria-blasco-una-de-cada-tres-personas-vamos-a-desarrollar-un-cancer.html
32,El amianto que envenenó a los obreros del naval atrapa al sindicalista que lo destapó,/economia/2022-02-04/el-amianto-que-enveneno-a-los-obreros-del-naval-atrapa-al-sindicalista-que-lo-destapo.html
33,De un ‘post’ de Facebook al banquillo de un juicio canónico,/sociedad/2022-02-04/de-un-post-de-facebook-al-banquillo-de-un-juicio-canonico.html
34,Macrocacerías en España: 400 ciervos y jabalíes abatidos en un día en Córdoba,/clima-y-medio-ambiente/2022-02-04/macrocacerias-en-espana-mas-de-400-ciervos-y-jabalies-abatidos-en-un-dia-en-cordoba.html?autoplay=1
35,Guía para adelantar la jubilación en 2022: ventajas e inconvenientes,/economia/2022/02/04/mis_derechos/1643964707_131702.html
36,Me fui de Ucrania hace dos décadas. Y no podré volver al país que no fue,/ideas/2022-02-04/me-fui-de-ucrania-hace-dos-decadas-y-no-podre-volver-al-pais-que-no-fue.html
37,La miel china se disfraza de rumana e inunda España,/economia/negocios/2022-02-04/la-miel-china-que-se-disfraza-de-rumana-e-inunda-espana.html
38,Mañueco pide ayuda a Ayuso en la recta final ante el auge de Vox,/espana/elecciones-castilla-y-leon/2022-02-04/manueco-pide-ayuda-a-ayuso-en-la-recta-final-ante-el-auge-de-vox.html
39,Maratón electoral en las calles desiertas de la Soria vaciada,/espana/elecciones-castilla-y-leon/2022-02-04/maraton-electoral-en-las-calles-desiertas-de-la-soria-vaciada.html
40,Los candidatos responden: ¿una medida para combatir la despoblación?,/espana/elecciones-castilla-y-leon/2022-02-04/los-candidatos-de-castilla-y-leon-responden-una-medida-para-combatir-la-despoblacion-3.html
41,Pekín enciende otro fuego,/deportes/2022-02-04/pekin-enciende-otro-fuego.html
42,Al Athletic le va la marcha: vence al Real Madrid y pasa a semifinales de la Copa del Rey,/deportes/2022-02-03/al-athletic-le-va-la-marcha.html
43,Los sindicatos piden al Rayo que abra una investigación interna sobre el comportamiento de Santiso ,/deportes/2022-02-04/los-sindicatos-piden-al-rayo-que-abra-una-investigacion-interna-sobre-el-comportamiento-de-santiso.html
44,El rearme de Doncic rumbo al ‘All Star’,/deportes/2022-02-04/el-rearme-de-doncic-rumbo-al-all-star.html
45,Boris Johnson se resigna ante el goteo de deserciones de su equipo de fieles,/internacional/2022-02-04/boris-johnson-se-resigna-ante-el-goteo-de-deserciones-de-su-equipo-de-fieles-en-el-gobierno.html
46,El precio del petróleo se afianza por encima de los 90 dólares por barril,/economia/2022-02-04/el-precio-del-petroleo-se-afianza-por-encima-de-los-90-dolares-por-barril-y-amenaza-con-alimentar-mas-la-inflacion.html
47,Interior negocia retomar los vuelos con inmigrantes desde Canarias a Marruecos ,/espana/2022-02-04/espana-confia-en-reanudar-la-proxima-semana-algunas-conexiones-con-marruecos.html
48,El suicidio de un joven en Turquía agita el debate sobre los abusos de las cofradías religiosas,/internacional/2022-02-04/el-suicidio-de-un-joven-en-turquia-agita-el-debate-sobre-los-abusos-de-las-cofradias-religiosas.html
49,La irónica carencia de agua potable de los moradores de la Amazonía,/planeta-futuro/2022-02-04/la-ironica-carencia-de-agua-potable-de-los-moradores-de-la-amazonia.html
50,"Nunca ganarán un Goya, pero sin ellos no habría películas",/eps/2022-02-04/sin-ellos-no-habria-peliculas-pero-nunca-ganaran-el-goya.html
51,"Juan de Borgoña, el maestro del Renacimiento que se escondía tras el retablo",/cultura/2022-02-04/juan-de-borgona-el-maestro-del-renacimiento-que-se-escondia-tras-el-retablo.html
52,"Ryûsuke Hamaguchi, el director del azar y el destino, autor de la soberbia ‘Drive my car’",/cultura/2022-02-04/ryusuke-hamaguchi-el-director-que-se-esconde-tras-la-soberbia-drive-my-car.html
53,"Los jóvenes tendrán que repartir los 400 euros del bono cultural entre eventos, productos y consumo digital",/cultura/2022-02-04/los-jovenes-tendran-que-repartir-los-400-euros-del-bono-cultural-entre-eventos-productos-fisicos-y-consumo-digital.html
54,Claudia Schiffer: “Por fin hay diversidad en la moda y eso lo han conseguido las ‘influencers”,https://smoda.elpais.com/celebrities/claudia-schiffer-por-fin-hay-diversidad-en-la-moda-y-eso-lo-han-conseguido-las-influencers/
55,‘Drive My Car’ y otros estrenos de cine de este fin de semana,/cultura/2022-02-04/drive-my-car-y-otros-estrenos-de-cine-de-este-fin-de-semana.html
56,La valiente serie serbia que cuenta el hundimiento de Milosevic,/television/2022-02-04/la-valiente-serie-serbia-que-cuenta-el-hundimiento-de-milosevic.html?autoplay=1
57,Por qué nadie quiere a Che Díaz: análisis del personaje más controvertido de ‘And just like that’,/icon/cultura/2022-02-04/por-que-nadie-quiere-a-che-diaz-analisis-del-personaje-mas-controvertido-de-and-just-like-that.html
58,La trampa de la comida barata,/clima-y-medio-ambiente/2022-01-30/la-trampa-de-la-comida-barata.html
59,Al borde de la muerte a los 18 años por una superbacteria,/ciencia/2022-01-30/al-borde-de-la-muerte-a-los-18-anos-por-una-superbacteria.html
60,Especial | Las opciones de Putin para invadir Ucrania ,/internacional/2022-01-29/el-momento-mas-peligroso-desde-la-guerra-fria-en-europa-despliegue-de-fuerzas-y-opciones-de-invasion.html
61,Peter Sloterdijk: “Vienen tiempos duros para quienes viven la vida moderna”,/ideas/2022-01-30/peter-sloterdijk-vienen-tiempos-duros-para-quienes-viven-la-vida-moderna.html
62,EL PAÍS renueva su boletín diario,https://plus.elpais.com/newsletters/lnp/1/2
63,"Babelia: toda la cultura, cada sábado en tu correo",https://plus.elpais.com/newsletters/lnp/1/254/#?prm=elpais_mkt_ep_boletinbabelia_bloqueeph
64,"Educación: análisis e información para profesores, familias y alumnos",https://plus.elpais.com/newsletters/lnp/1/388/#?prm=elpais_mkt_ep_boletineducacion_bloqueeph
65,Ideas: reportajes y entrevistas en profundidad para entender lo que está pasando,https://plus.elpais.com/newsletters/lnp/1/398#?prm=elpais_mkt_ep_boletinideas_bloqueeph
66,El secretario general de la OTAN será el próximo gobernador del Banco de Noruega,/internacional/2022-02-04/el-secretario-general-de-la-otan-sera-el-proximo-gobernador-del-banco-de-noruega.html
67,Países Bajos repatría a cinco mujeres y once menores de los campamentos sirios para familias vinculadas al ISIS,/internacional/2022-02-04/paises-bajos-repatria-a-cinco-mujeres-y-once-menores-de-los-campamentos-sirios-para-familias-vinculadas-al-isis.html
68,"Dos alcaldes, dos fiscales y dos diputados del chavismo son llevados a prisión acusados de narcotráfico y corrupción en Venezuela",/internacional/2022-02-04/dos-alcaldes-dos-fiscales-y-dos-diputados-del-chavismo-son-llevados-a-prision-acusados-de-narcotrafico-y-corrupcion-en-venezuela.html
69,Trapero dirigirá la división que evalúa los operativos de los Mossos d’Esquadra,/espana/catalunya/2022-02-04/trapero-dirigira-la-division-que-evalua-los-operativos-de-los-mossos-desquadra.html
70,Junts acusa a la CUP de poner a Borràs “al borde del precipicio para que caiga sola”,/espana/catalunya/2022-02-04/junts-acusa-a-la-cup-de-poner-a-borras-al-borde-del-precipicio-para-que-caiga-sola.html
71,Concejales del PP y Vox dieron un mitin en la reunión de los ganaderos de Lorca,/espana/2022-02-04/concejales-del-pp-y-vox-dieron-un-mitin-en-la-reunion-de-los-ganaderos-de-lorca.html
72,La gran banca renace: logra el mayor beneficio desde la crisis financiera,/economia/2022-02-04/la-gran-banca-renace-logra-el-mayor-beneficio-desde-la-crisis-financiera.html
73,El cava se descuelga de prosecco y champán en el bum de los espumosos ,/economia/2022-02-04/el-cava-se-descuelga-de-prosecco-y-champan-en-el-bum-de-los-espumosos.html
74,La creación de empleo en EE UU resiste en enero pese al pico de contagios por ómicron,/economia/2022-02-04/la-creacion-de-empleo-en-ee-uu-resiste-en-enero-pese-al-pico-de-contagios-por-omicron.html
75,Las denuncias por agresión sexual y violencia machista se disparan en Barcelona con datos superiores a los años de prepandemia,/espana/catalunya/2022-02-04/las-denuncias-por-agresion-sexual-y-violencia-machista-se-disparan-en-barcelona-con-datos-superiores-a-los-anos-de-prepandemia.html
76,El juez encarcela al hombre acusado de violar a una mujer de 95 años en Figueres,/espana/catalunya/2022-02-04/los-mossos-detienen-al-presunto-autor-de-la-agresion-sexual-a-la-mujer-de-95-anos-de-figueres.html
77,"Alejandro Palomas, víctima de la pederastia en la Iglesia: “Sánchez me ha prometido que hará todo lo que esté en su mano”",/sociedad/2022-02-03/alejandro-palomas-victima-de-la-pederastia-en-la-iglesia-sanchez-me-ha-prometido-que-hara-todo-lo-que-este-en-su-mano.html
78,Las muchas caras de la innovación educativa,/economia/formacion/2022-02-04/las-muchas-caras-de-la-innovacion-educativa.html
79,El órgano asesor de Educación pide endurecer los requisitos para lograr la titulación estándar de catalán,/espana/catalunya/2022-02-03/el-organo-asesor-de-educacion-pide-endurecer-los-requisitos-para-lograr-la-titulacion-estandar-de-catalan.html
80,"Burocracia, protocolos cambiantes y familias con dudas: el estrés de ser coordinador covid en la escuela",/educacion/2022-02-03/burocracia-protocolos-cambiantes-y-familias-con-dudas-el-estres-de-ser-coordinador-covid-en-la-escuela.html
81,El Gobierno admite que seguirá pagando la multa por los vertidos de aguas fecales hasta al menos 2025,/clima-y-medio-ambiente/2022-02-04/el-gobierno-admite-que-seguira-pagando-la-multa-por-los-vertidos-de-aguas-fecales-hasta-al-menos-2025.html
82,El PSOE exige el cierre del vertedero de Nerva y la Junta de Andalucía elude dar fechas ,/clima-y-medio-ambiente/2022-02-04/el-psoe-exige-el-cierre-del-vertedero-de-nerva-y-la-junta-de-andalucia-elude-dar-fechas.html
83,Cataluña apremia ahora la puesta en marcha de 500 molinos de viento antes de 2030 ,/espana/catalunya/2022-02-04/cataluna-apremia-ahora-la-puesta-en-marcha-de-500-molinos-de-viento-antes-de-2030.html
84,El lento éxito de los números imaginarios,/ciencia/cafe-y-teoremas/2022-02-04/el-lento-exito-de-los-numeros-imaginarios.html
85,Descubierta una nueva variante del VIH más contagiosa y virulenta,/ciencia/2022-02-03/descubierta-una-nueva-variante-del-vih-mas-contagiosa-y-virulenta.html
86,Robert Langer: “Las grandes farmacéuticas aborrecen las ideas arriesgadas” ,/ciencia/2022-02-03/las-grandes-farmaceuticas-aborrecen-las-ideas-arriesgadas.html
87,DeepMind desarrolla un sistema de inteligencia artificial capaz de programar de forma creativa,/tecnologia/2022-02-03/deepmind-desarrolla-un-sistema-de-inteligencia-artificial-capaz-de-programar-de-forma-creativa.html
88,Google Pixel 6 y Pixel 6 Pro: un salto en la calidad de imagen para convertirse en el rey de la fotografía,/tecnologia/2022-02-03/google-pixel-6-y-pixel-6-pro-un-salto-en-la-calidad-de-imagen-para-convertirse-en-el-rey-de-la-fotografia.html
89,"Oppo Find N, a prueba: un pliegue perfecto para destacar entre los móviles que se doblan",/tecnologia/2022-02-02/oppo-find-n-a-prueba-un-pliegue-perfecto-para-destacar-entre-los-moviles-que-se-doblan.html
90,"San Mamés: volver, volver y volver",/deportes/2022-02-04/san-mames-volver-volver-y-volver.html
91,El Betis pasa a semifinales de la Copa volando por Anoeta (0-4),/deportes/2022-02-03/el-betis-pasa-a-semifinales-de-la-copa-volando-por-anoeta.html
92,EE UU mete a Honduras en la nevera: un partido a 17 grados bajo cero,/deportes/2022-02-03/ee-uu-mete-a-honduras-en-la-nevera-un-partido-a-17-grados-bajo-cero.html
93,"‘Mata Mua’, el cuadro de Gauguin que retiró Carmen Cervera, volverá al Museo Thyssen el 7 de febrero",/cultura/2022-02-03/mata-mua-el-cuadro-de-gauguin-que-retiro-carmen-cervera-volvera-al-museo-thyssen-el-7-de-febrero.html
94,Los estrenos en 35 milímetros sobreviven en un milagroso ‘Cinema Paradiso’ en Granada,/cultura/2022-02-04/los-estrenos-en-35-milimetros-sobreviven-en-un-milagroso-cinema-paradiso-en-granada.html
95,Thimbo Samb: “Mi historia y tu historia no son tan diferentes”,/planeta-futuro/africa-no-es-un-pais/2022-02-04/thimbo-samb-mi-historia-y-tu-historia-no-son-tan-diferentes.html
96,Preguntas y respuestas sobre el Benidorm Fest. ¿En qué ha quedado el eurodrama?,/television/2022-02-03/preguntas-y-respuestas-sobre-el-benidorm-fest-en-que-ha-quedado-el-eurodrama.html?autoplay=1
97,"‘El Benidorm Fest y los niños de África’, por Eva Güimil",/television/2022-02-03/el-benidorm-fest-y-los-ninos-de-africa.html
98,La española Ana Mena pelea con poco éxito por representar a Italia en Eurovisión  ,/television/2022-02-02/la-espanola-ana-mena-pelea-con-poco-exito-por-representar-a-italia-en-eurovision.html
99,Polémica en torno a una escultura falsamente atribuida a Ruth Asawa en la nueva casa de Gwyneth Paltrow ,/gente/2022-02-04/polemica-en-torno-a-una-escultura-falsamente-atribuida-a-ruth-asawa-en-la-nueva-casa-de-gwyneth-paltrow.html
100,"El emotivo mensaje de Gisele Bündchen a su marido, Tom Brady, tras su retirada",/gente/2022-02-03/el-emotivo-mensaje-de-gisele-bundchen-a-su-marido-tom-brady-tras-su-retirada.html
101,Isabel II retira a Meghan Markle y Enrique de Inglaterra los últimos cargos honoríficos que les quedaban  ,/gente/2022-02-02/isabel-ii-despoja-a-meghan-markle-y-enrique-de-inglaterra-de-los-ultimos-honores-que-les-quedaban.html
102,¿Y si no vacunamos a nuestros perros contra la rabia?,/planeta-futuro/red-de-expertos/2022-02-04/y-si-no-vacunamos-a-nuestros-perros-contra-la-rabia.html
103,Pasión por la ‘street food’ en Senegal: la comida tradicional toma las calles,/planeta-futuro/2022-02-03/el-boom-de-la-street-food-en-senegal-la-comida-tradicional-toma-las-calles.html
104,"Daniel Z. Lieberman: “La dopamina nos hace comprar prometiendo felicidad, pero no llega” ",/eps/2022-01-28/daniel-z-lieberman-la-dopamina-nos-hace-comprar-prometiendo-felicidad-pero-una-vez-comprado-se-desconecta-y-la-felicidad-no-llega.html
105,"De la “a” de aplausos a la “v” de virus, por Juan José Millás",/eps/2022-01-29/de-la-a-de-aplausos-a-la-v-de-virus-vocabulario-esencial-de-un-mundo-en-vilo.html
106,El ocaso de los vídeos sexuales: por qué el fenómeno de la cinta de ‘Pam y Tommy’ hoy no se podría repetir,https://smoda.elhttps://smoda.elpais.com/celebrities/vips/el-ocaso-de-los-videos-sexuales-por-que-el-fenomeno-de-la-cinta-de-pam-y-tommy-hoy-no-se-podria-repetir/pais.com/trabajo/apariencias-venderse-trabajo/
107,Rigoberta Bandini y el problema de la teta: cuando quitarse pecho es una cuestión política,https://smoda.elpais.com/belleza/bienestar/reduccion-pecho-cirugia-estetica-maria-pombo-rigoberta-bandini/
108,Sedantes para aguantar tantas orgías y sexo animal en la mansión Playboy: un documental relata los abusos de Hugh Hefner,/icon/2022-01-29/sedantes-para-aguantar-tantas-orgias-y-sexo-animal-en-la-mansion-playboy-un-documental-relata-los-abusos-de-hugh-hefner.html?autoplay=1
109,"25 años de ‘Mmmbop’, el disco con el que Hanson conquistó el mundo",/icon/cultura/2022-02-01/25-anos-de-mmmbop-el-disco-con-el-que-hanson-conquisto-el-mundo.html
110,Así es el primer parque temático de ‘Juego de tronos’ en Irlanda del Norte,/elviajero/2022/02/03/album/1643894677_472262.html
111,Un día en la villa serrana de Cercedilla y sus alrededores,https://elpais.com/elviajero/2022/01/27/actualidad/1643285748_987127.html
112,Cuidado con ese anuncio que te susurran en tu ‘podcast’ favorito,/ideas/2022-01-30/cuidado-con-ese-anuncio-que-te-susurran-en-tu-podcast-favorito.html
113,La candidata Valérie Pécresse o el discreto encanto de la burguesía,/ideas/2022-01-29/la-candidata-valerie-pecresse-o-el-discreto-encanto-de-la-burguesia.html
114,Duelo de chequeras en la Costa del Sol: los megarricos se pelean por las mansiones de Marbella,/economia/negocios/2022-01-29/duelo-de-chequeras-en-la-costa-del-sol-los-megarricos-se-pelean-por-las-mansiones-de-marbella.html
115,Comprar un castillo en España no es un cuento de hadas,/economia/negocios/2022-01-29/comprar-un-castillo-en-espana-no-es-un-cuento-de-hadas.html
116,"Tom Holland, en la guerra entre Sony y Microsoft",/babelia/2022-02-04/tom-holland-en-la-guerra-entre-sony-y-microsoft.html
117,Las falsas promesas en la China del ‘hijo único’,/babelia/2022-02-03/las-falsas-promesas-en-la-china-del-hijo-unico.html
118,¿Qué coches pasaron más por el taller en España el año pasado? ,https://motor.elpais.com/actualidad/que-coches-pasaron-mas-por-el-taller-en-2021/
119,El peligro de los Tesla que se saltan el ‘stop’,https://motor.elpais.com/actualidad/el-peligro-de-los-tesla-que-se-saltan-el-stop/
120,"Pitu caleya, el 'superpollo' asturiano",https://elcomidista.elpais.com/elcomidista/2022/01/12/articulo/1641979773_887335.html
121,Cómo cocinar huevos a baja temperatura,https://elpais.com/elcomidista/2022/01/24/receta/1643010230_450266.html
122,Cinc restaurants de Barcelona amb cocteleria per agitar els àpats,https://cat.elpais.com/cat/2022/02/03/estilo/1643880758_086647.html
123,Proust i la història,https://cat.elpais.com/cat/2022/02/01/cultura/1643705734_845527.html
124,Nuevo taller en línea: Cómo encontrar y contar noticias en internet y redes,https://escuela.elpais.com/talleres/historias-internet/
125,Nuevo taller presencial: Edición gráfica (impresa y en web),https://escuela.elpais.com/talleres/edicion-grafica-impresa-y-en-web/
126,Los mejores kits de teclado y ratón inalámbricos y ergonómicos,/escaparate/2022-02-04/los-mejores-kits-de-teclado-y-raton-inalambricos-y-ergonomicos.html
127,Los cinco bastones de ‘trekking’ mejor valorados en Amazon,/escaparate/2022-02-04/los-cinco-bastones-de-trekking-mejor-valorados-en-amazon.html
128,La cartera con billetera para hombre que arrasa en Amazon con más de 23.000 valoraciones ,/escaparate/2022-02-03/ultraligera-y-minimalista-la-cartera-con-billetera-para-hombre-mas-estilosa-disponible-en-cinco-colores.html
129,Elegimos los mejores ‘routers’ wifi 6 para el hogar,/escaparate/2022-02-03/elegimos-los-mejores-routers-wifi-6-para-el-hogar.html
130,Las mejores sillas ‘gaming’ de escritorio para la oficina,/escaparate/2022-02-03/las-mejores-sillas-gaming-para-la-oficina.html
131,Cómo lograr que el fondo de garantía de depósitos blinde más de 100.000 euros,/cincodias/2022/02/02/mercados/1643790302_482076.html
132,El enigma que hace temblar la temporada del Real Madrid,https://cadenaser.com/2022/02/04/no-han-rendido-por-eso-el-aspecto-de-ancelotti-que-afecta-a-parte-de-la-plantilla-del-real-madrid/?afl=elpais
133,El llamativo gesto de Espinosa de los Monteros al conocerse el primer resultado de la reforma,https://www.huffingtonpost.es/entry/el-llamativo-gesto-de-espinosa-de-los-monteros-al-conocerse-el-primer-resultado-de-la-reforma_es_61fcdedae4b09170e9ced387?63f
134,"Westbrook, Anthony Davis, Sabonis… las 15 grandes ausencias del All Star",https://as.com/baloncesto/2022/02/04/fotorrelato/1643958336_314011.html
135,"Cada día nuevos crucigramas, sudokus y sopas de letras",https://elpais.com/juegos/#?int=juegos_home
136,"Las 15 mejores ofertas de la semana en PS5, PS4, Switch Xbox y PC",https://as.com/meristation/2022/02/04/noticias/1643959050_874579.html
